"Time (s)"	"Linear Acceleration x (m/s^2)"	"Linear Acceleration y (m/s^2)"	"Linear Acceleration z (m/s^2)"	"Absolute acceleration (m/s^2)"
2.296217100E-2	-1.387837082E-1	7.674978375E-1	9.711270332E0	9.742539983E0
2.501715700E-2	-1.435693651E-1	7.770691514E-1	9.716055870E0	9.748137786E0